name,url
Vietcombank,https://thebank.vn/ngan-hang-vietcombank-39.html
Vietinbank,https://thebank.vn/ngan-hang-vietinbank-40.html
BIDV,https://thebank.vn/ngan-hang-bidv-41.html
Agribank,https://thebank.vn/ngan-hang-agribank-42.html
VPBank,https://thebank.vn/ngan-hang-vpbank-12.html
Sacombank,https://thebank.vn/ngan-hang-sacombank-6.html
ACB,https://thebank.vn/ngan-hang-acb-10.html
HSBC,https://thebank.vn/ngan-hang-hsbc-50.html
DongA Bank,https://thebank.vn/ngan-hang-donga-bank-7.html
TPBank,https://thebank.vn/ngan-hang-tpbank-36.html
EximBank,https://thebank.vn/ngan-hang-eximbank-8.html
VIB,https://thebank.vn/ngan-hang-vib-16.html
SHB,https://thebank.vn/ngan-hang-shb-24.html
Shinhan Bank,https://thebank.vn/ngan-hang-shinhan-bank-52.html
Vietbank,https://thebank.vn/ngan-hang-vietbank-29.html
PG Bank,https://thebank.vn/ngan-hang-pg-bank-31.html
SCB,https://thebank.vn/ngan-hang-scb-22.html
MSB,https://thebank.vn/ngan-hang-msb-5.html
ABBank,https://thebank.vn/ngan-hang-abbank-26.html
MBBank,https://thebank.vn/ngan-hang-mbbank-14.html
LienVietPostBank,https://thebank.vn/ngan-hang-lienvietpostbank-35.html
SeABank,https://thebank.vn/ngan-hang-seabank-17.html
Standard Chartered,https://thebank.vn/ngan-hang-standard-chartered-51.html
PVcomBank,https://thebank.vn/ngan-hang-pvcombank-120.html
UOB,https://thebank.vn/ngan-hang-uob-129.html
First Bank,https://thebank.vn/ngan-hang-first-bank-136.html
Woori Bank,https://thebank.vn/ngan-hang-woori-bank-123.html
Nam A Bank,https://thebank.vn/ngan-hang-nam-a-bank-9.html
Saigonbank,https://thebank.vn/ngan-hang-saigonbank-11.html
Bac A Bank,https://thebank.vn/ngan-hang-bac-a-bank-15.html
HDBank,https://thebank.vn/ngan-hang-hdbank-18.html
Viet Capital Bank,https://thebank.vn/ngan-hang-viet-capital-bank-20.html
VietABank,https://thebank.vn/ngan-hang-vietabank-23.html
GPBank,https://thebank.vn/ngan-hang-gpbank-25.html
NCB,https://thebank.vn/ngan-hang-ncb-27.html
KienLong Bank,https://thebank.vn/ngan-hang-kienlong-bank-28.html
OceanBank,https://thebank.vn/ngan-hang-oceanbank-30.html
CBBank,https://thebank.vn/ngan-hang-cbbank-33.html
BAOVIET Bank,https://thebank.vn/ngan-hang-baoviet-bank-38.html
VBSP,https://thebank.vn/ngan-hang-vbsp-44.html
VDB,https://thebank.vn/ngan-hang-vdb-45.html
Public Bank Việt Nam,https://thebank.vn/ngan-hang-public-bank-viet-nam-46.html
Indovina Bank,https://thebank.vn/ngan-hang-indovina-bank-47.html
VRB,https://thebank.vn/ngan-hang-vrb-49.html
HongLeong Bank,https://thebank.vn/ngan-hang-hongleong-bank-54.html
